frase,situacao
"sinto dor no peito e falta de ar",alto risco
"estou com uma dor forte no peito que vai para o braço esquerdo",alto risco
"desmaiei hoje de manhã enquanto caminhava",alto risco
"tenho suor frio e aperto no peito há uma hora",alto risco
"meu coração está disparado e sinto que vou desmaiar",alto risco
"sinto uma pressão no peito que não passa com repouso",alto risco
"acordei sem conseguir respirar direito e com o peito apertado",alto risco
"a dor no peito começou do nada e está cada vez mais forte",alto risco
"sinto dor na mandíbula e no braço esquerdo com náusea",alto risco
"minhas pernas incharam muito e não consigo deitar sem ficar sem ar",alto risco
"tive um desmaio durante o exercício e senti palpitações antes",alto risco
"estou com falta de ar súbita e dor ao respirar depois de uma cirurgia",alto risco
"o lado direito do meu rosto ficou dormente e a fala está enrolada",alto risco
"sinto palpitações fortes com tontura e a visão escurecendo",alto risco
"a pressão marcou 19 por 12 e estou com uma dor de cabeça muito forte",alto risco
"sinto um aperto no peito ao menor esforço desde ontem",alto risco
"estou tossindo espuma rosada e com muita falta de ar",alto risco
"sinto o coração muito lento e quase desmaiei duas vezes hoje",alto risco
"tenho uma dor no peito que vai para as costas como uma facada",alto risco
"sou diabético e sinto um mal-estar no peito com enjoo e suor",alto risco
"perdi a consciência por alguns segundos no banheiro",alto risco
"estou com os lábios roxos e muita dificuldade para respirar",alto risco
"a dor no peito me acordou de madrugada e não melhora",alto risco
"sinto os batimentos muito acelerados sem parar há mais de uma hora",alto risco
"já tive infarto e voltei a sentir a mesma dor no peito",alto risco
"sinto uma queimação no peito com falta de ar e fraqueza intensa",alto risco
"meu braço esquerdo está dormente e sinto um peso no peito",alto risco
"estou com falta de ar mesmo parado e o coração acelerado",alto risco
"senti uma dor súbita e intensa no peito enquanto carregava peso",alto risco
"fumo há vinte anos e sinto aperto no peito toda vez que ando",alto risco
"estou muito cansado, com as pernas inchadas e sem ar para falar",alto risco
"sinto uma pontada forte no peito e o suor não para",alto risco
"minha pressão está muito alta e a visão ficou embaçada de repente",alto risco
"tive febre alta, palpitações e dor no peito depois de uma virose",alto risco
"meu pai morreu cedo do coração e eu desmaiei jogando bola",alto risco
"estou com dor no peito e o remédio embaixo da língua não fez efeito",alto risco
"sinto o peito apertado e uma sensação de morte iminente",alto risco
"minha panturrilha inchou e agora estou com falta de ar",alto risco
"sinto tontura forte, o coração falhando e muita fraqueza",alto risco
"a dor no peito piora a cada minuto e se espalha para o pescoço",alto risco
"estou ofegante, suando frio e com náusea desde que acordei",alto risco
"sinto o coração bater descompassado e quase caí na rua",alto risco
"tenho hipertensão e hoje sinto dor no peito e falta de ar",alto risco
"acordo várias vezes à noite sufocado e preciso sentar para respirar",alto risco
"meu pulso está muito fraco e estou confuso e pálido",alto risco
"senti um peso enorme no peito durante uma discussão e ainda não passou",alto risco
"estou com falta de ar intensa e não consigo completar uma frase",alto risco
"a dor no estômago veio junto com suor frio e falta de ar",alto risco
"desmaiei ao levantar e bati a cabeça, e o coração está acelerado",alto risco
"sinto dor no peito ao respirar e estou com febre há três dias",alto risco
"tive um leve incômodo nas costas",baixo risco
"sinto dor nas pernas depois da academia",baixo risco
"estou um pouco cansado depois de uma semana corrida no trabalho",baixo risco
"meu joelho dói quando subo escadas",baixo risco
"sinto uma dor muscular no ombro depois de carregar as compras",baixo risco
"tenho um leve resfriado com o nariz escorrendo",baixo risco
"sinto um pouco de azia depois de comer feijoada",baixo risco
"minha cabeça doeu um pouco depois de ficar muito tempo no computador",baixo risco
"sinto uma pontada leve no peito quando aperto o músculo depois do treino",baixo risco
"estou com o coração acelerado depois de tomar três cafés",baixo risco
"fiquei sem fôlego depois de correr cinco quilômetros, mas passou logo",baixo risco
"sinto um leve inchaço nos pés depois de um dia inteiro em pé no calor",baixo risco
"tenho uma tosse seca por causa da alergia",baixo risco
"sinto as mãos frias quando o ar condicionado está forte",baixo risco
"dormi mal e acordei com dor no pescoço",baixo risco
"tive uma tontura leve ao levantar rápido, mas passou em segundos",baixo risco
"sinto cansaço no fim do dia, mas melhora depois de dormir",baixo risco
"meu coração acelera um pouco quando fico nervoso antes de apresentações",baixo risco
"estou com dor de garganta há dois dias",baixo risco
"sinto uma dor leve nas costas depois de dirigir por muito tempo",baixo risco
"tenho câimbras na panturrilha à noite de vez em quando",baixo risco
"sinto um incômodo no estômago quando fico muito tempo sem comer",baixo risco
"estou com o nariz entupido e espirrando bastante",baixo risco
"minha pressão estava normal, mas quero fazer um check-up de rotina",baixo risco
"sinto dor no punho de tanto usar o mouse",baixo risco
"fiquei um pouco sem ar ao subir a ladeira carregando a mochila",baixo risco
"sinto os olhos cansados no fim do expediente",baixo risco
"estou com dor nos músculos da barriga depois do abdominal",baixo risco
"tenho uma dor de cabeça leve quando fico sem café",baixo risco
"sinto formigamento no pé quando fico muito tempo de pernas cruzadas",baixo risco
"não sinto dor no peito, só um cansaço depois do futebol",baixo risco
"estou com o intestino preso há três dias",baixo risco
"tive febre baixa ontem, mas hoje estou melhor",baixo risco
"sinto dor no calcanhar quando caminho de manhã",baixo risco
"meu coração dispara quando levo um susto, mas volta ao normal logo",baixo risco
"sinto um leve desconforto no peito quando fico ansioso, que passa ao respirar fundo",baixo risco
"estou com uma pequena alergia na pele do braço",baixo risco
"sinto dor nas costas ao acordar por causa do colchão",baixo risco
"tenho sentido sono à tarde depois do almoço",baixo risco
"fico um pouco ofegante quando subo quatro andares de escada",baixo risco
"meu ombro estala quando levanto o braço",baixo risco
"sinto um enjoo leve quando ando de carro",baixo risco
"tenho uma dor leve no dente quando tomo algo gelado",baixo risco
"estou com as pernas cansadas depois de uma caminhada longa",baixo risco
"sinto uma fisgada nas costelas quando tusso forte por causa da gripe",baixo risco
"minhas unhas estão fracas e o cabelo está caindo",baixo risco
"sinto dor muscular no peito depois do supino na academia",baixo risco
"às vezes sinto um batimento pulado quando tomo energético, mas é raro",baixo risco
"estou com a garganta irritada e rouca",baixo risco
"tive uma dor de cabeça leve que passou com analgésico",baixo risco
